base_material,context
polymer,"' INTRODUCTION A comprehensive analysis of polymers includes not only structure elucidation of the bulk sample; it also requires analysis of the different parameters of molecular heterogeneity, which is typically conducted by liquid chromatography. Depending on the separation method, 1 it is possible to obtain the molar mass distribution (MMD), chemical composition distribution (CCD), and functionality type distribution (FTD). In particular, liquid chromatography at critical conditions (LCCC) is an elegant method to separate polymers regarding chemical heterogeneity."
polymer,"' INTRODUCTION A comprehensive analysis of polymers includes not only structure elucidation of the bulk sample; it also requires analysis of the different parameters of molecular heterogeneity, which is typically conducted by liquid chromatography. Depending on the separation method, 1 it is possible to obtain the molar mass distribution (MMD), chemical composition distribution (CCD), and functionality type distribution (FTD). In particular, liquid chromatography at critical conditions (LCCC) is an elegant method to separate polymers regarding chemical heterogeneity. [2] [3] [4] [5] In this case polymers of the same composition and microstructure elute independently of their molar mass at the same retention volume. This status was also called ""chromatographic invisibility"" by Gorbunov and Skvortsov 6 and is characterized by compensating enthalpic and entropic interactions between the macromolecules and the chromatographic system."
polymer,"Depending on the separation method, 1 it is possible to obtain the molar mass distribution (MMD), chemical composition distribution (CCD), and functionality type distribution (FTD). In particular, liquid chromatography at critical conditions (LCCC) is an elegant method to separate polymers regarding chemical heterogeneity. [2] [3] [4] [5] In this case polymers of the same composition and microstructure elute independently of their molar mass at the same retention volume. This status was also called ""chromatographic invisibility"" by Gorbunov and Skvortsov 6 and is characterized by compensating enthalpic and entropic interactions between the macromolecules and the chromatographic system. Meanwhile, many applications of LCCC to block copolymers [7] [8] [9] [10] [11] [12] and blends of homopolymers [13] [14] [15] have been reported."
polymer,"[2] [3] [4] [5] In this case polymers of the same composition and microstructure elute independently of their molar mass at the same retention volume. This status was also called ""chromatographic invisibility"" by Gorbunov and Skvortsov 6 and is characterized by compensating enthalpic and entropic interactions between the macromolecules and the chromatographic system. Meanwhile, many applications of LCCC to block copolymers [7] [8] [9] [10] [11] [12] and blends of homopolymers [13] [14] [15] have been reported. Most of the references report critical conditions achieved by using solvent mixtures as the mobile phase. However, critical conditions can also be obtained by varying the temperature."
polymer,"8 In this case even single solvents can establish critical conditions as shown by Chang, 16 Macko, 17 and the present authors. 18 However, not all molecular details can be determined by liquid chromatography and concentration detection. The hyphenation of LCCC with NMR is of great interest for the polymer characterization. It can provide true molar masses and true chemical compositions of block copolymers [18] [19] [20] and can analyze end groups of polymers. 21 In the present work we focus on liquid chromatographic separations according to microstructure and the analysis of the microstructures by 1 H NMR spectroscopy."
"polymer, polystyrene","18 However, not all molecular details can be determined by liquid chromatography and concentration detection. The hyphenation of LCCC with NMR is of great interest for the polymer characterization. It can provide true molar masses and true chemical compositions of block copolymers [18] [19] [20] and can analyze end groups of polymers. 21 In the present work we focus on liquid chromatographic separations according to microstructure and the analysis of the microstructures by 1 H NMR spectroscopy. The first separation and analysis of polymer microstructures by HPLC-NMR was reported by Pasch, Hiller, and Haner 22 describing the analysis of low molar mass polystyrenes."
"polymer, polystyrene","It can provide true molar masses and true chemical compositions of block copolymers [18] [19] [20] and can analyze end groups of polymers. 21 In the present work we focus on liquid chromatographic separations according to microstructure and the analysis of the microstructures by 1 H NMR spectroscopy. The first separation and analysis of polymer microstructures by HPLC-NMR was reported by Pasch, Hiller, and Haner 22 describing the analysis of low molar mass polystyrenes. However, LCCC is also capable of separating higher molar mass polymers regarding microstructure. Berek et al."
"polymer, polystyrene","21 In the present work we focus on liquid chromatographic separations according to microstructure and the analysis of the microstructures by 1 H NMR spectroscopy. The first separation and analysis of polymer microstructures by HPLC-NMR was reported by Pasch, Hiller, and Haner 22 describing the analysis of low molar mass polystyrenes. However, LCCC is also capable of separating higher molar mass polymers regarding microstructure. Berek et al. 23 separated poly(methyl methacrylate) regarding tacticity, while Kitayama et al."
polymer,"LCCC. The LCCC experiments were performed with an Agilent 1100 HPLC system (Agilent Technologies GmbH, B€ oblingen, Germany) Received: December 2, 2010 Revised: January 24, 2011 ABSTRACT: It is shown that online coupling of liquid chromatography at critical conditions (LCCC) and 1 H NMR spectroscopy can be used to separate and analyze polyisoprenes with respect to their isomeric microstructures. It was possible to separate blends of copolymers consisting predominantly of 3,4-and 1,4-isoprene units by using critical conditions of 1,4-PI. Critical conditions of 1,4-PI were established such that polymers containing predominantly 3,4-PI elute in the size exclusion mode. Furthermore, on-flow NMR detection allows for the complete eluate analysis and the detection of all three isomeric species, such as 1,2-, 1,4-, and 3,4-isoprene, in the eluting fractions."
polymer,"The LCCC experiments were performed with an Agilent 1100 HPLC system (Agilent Technologies GmbH, B€ oblingen, Germany) Received: December 2, 2010 Revised: January 24, 2011 ABSTRACT: It is shown that online coupling of liquid chromatography at critical conditions (LCCC) and 1 H NMR spectroscopy can be used to separate and analyze polyisoprenes with respect to their isomeric microstructures. It was possible to separate blends of copolymers consisting predominantly of 3,4-and 1,4-isoprene units by using critical conditions of 1,4-PI. Critical conditions of 1,4-PI were established such that polymers containing predominantly 3,4-PI elute in the size exclusion mode. Furthermore, on-flow NMR detection allows for the complete eluate analysis and the detection of all three isomeric species, such as 1,2-, 1,4-, and 3,4-isoprene, in the eluting fractions. These three individual moieties were correctly quantified in the individual blend components."
polymer,"Furthermore, on-flow NMR detection allows for the complete eluate analysis and the detection of all three isomeric species, such as 1,2-, 1,4-, and 3,4-isoprene, in the eluting fractions. These three individual moieties were correctly quantified in the individual blend components. It was also found that the 3,4-PI samples were random terpolymers of 1,2-, 1,4-, and 3,4-isoprene, whereas the 1,4-PI samples were copolymers of 1,4-and 3,4-isoprene. In addition, SEC-NMR allowed for a fast and precise molar mass calibration and the calculation of the relevant molar mass parameters M w and M n. consisting of a pump with degasser, UV detector, column oven, and autosampler."
polystyrene,"If the mobile phase contains more cyclohexane (>8 vol%), the molar mass dependence corresponds to show size exclusion chromatography (SEC) behavior. If the mobile phase contains less cyclohexane (<8 vol%), the 1,4-PI samples are eluted in the liquid adsorption chromatography (LAC) mode. It is important to note that the near-critical conditions of the 1,4-PI 28 for the separation of blends of PI and polystyrene as well as polybutadiene. To evaluate the separation capabilities of the present LCCC mode, samples of different molar masses containing predominantly 3,4-isoprene units (see Table 1 ) are investigated under the same conditions. Critical conditions are only useful if one molecular moiety (the one at LCCC conditions) shows a molar mass independence, and other species are experiencing a molar mass dependence such as SEC (or LAC)."
polymer,"SEC is preferred since it allows for a molar mass calibration of the component which is not under critical conditions. The behavior of 3,4-PI samples can be tested by preparing blends of samples with predominantly 1,4-and 3,4-isoprene units. Three blends were prepared containing three different 3,4-PI polymers. In order to evaluate the accuracy of the critical conditions, we also conducted measurements at both LCCC conditions of 1,4-PI and SEC conditions of 3,4-PI at different injected sample concentrations. The concentrations were varied between 1 and 14 mg/mL."
polymer,"The factors are determined to be 1.6 for 1,2-PI, 2.2 for 1,4-PI, and 1.3 for 3,4-PI. Using these correction factors, the correct chemical compositions can be calculated for these microstructures. In comparison to the blends, Figure 5 5a it is obvious that also the 1,4-PI sample has a constant distribution of the isomers which indicates a random copolymer. (v) Since the chemical composition of the three isomeric moieties in the 3,4-PI samples is constant, the entire elution curve for each single isomeric species for both blend components can be calculated (see dashed lines of Figure 4 ). This is possible because the 1,2-isoprene unit curve is eluting without any overlapping and allows for a simulation of the complete elution of the other two isomeric species due to their constant ratios to each other."
polymer,"In addition, a complete MMD of all 3,4-PI samples obtained with SEC-NMR is shown in Figure 11. 1 Scheme 1. Structures of (a) 1,2-PI, (b) 1,4-PI, and (c) 3,4-PI provides several conclusions: (a) Common near-critical conditions can be found for copolymers containing roughly 94 mol % of 1,4-isoprene units. At these conditions, 1,4-PI samples with different molar masses coelute. Samples that contain predominantly 3,4isoprene units elute at lower elution times."
polymer,"Samples that contain predominantly 3,4isoprene units elute at lower elution times. (b) Blends of 1,4-PI and 3,4-PI samples can be well separated by LCCC-NMR. These samples are copolymers containing predominantly 1,4-and 3,4-isoprene units, respectively. The 1,4-PI sample elutes at the highest retention time which corresponds to the critical conditions of 1,4-PI. The 3,4-PI samples elute earlier indicating that for these samples a SEC mode is operating."
polymer,"The 1,2-PI curve (only present in the 3,4-PI samples) is eluting without any overlapping. (iv) The chemical composition is totally constant for the individual isomers of the 3,4-PI samples. This indicates that the 3,4-PI samples are random terpolymers. From Figure 5a it is obvious that also the 1,4-PI sample has a constant distribution of the isomers which indicates a random copolymer. (v) Since the chemical composition of the three isomeric moieties in the 3,4-PI samples is constant, the entire elution curve for each single isomeric species for both Figure 5."
polymer,"(iv) The chemical composition is totally constant for the individual isomers of the 3,4-PI samples. This indicates that the 3,4-PI samples are random terpolymers. From Figure 5a it is obvious that also the 1,4-PI sample has a constant distribution of the isomers which indicates a random copolymer. (v) Since the chemical composition of the three isomeric moieties in the 3,4-PI samples is constant, the entire elution curve for each single isomeric species for both Figure 5. 5 Figure 5."
